update,global_step,episodes,last_100_return,approx_kl,clip_fraction,explained_variance,learning_rate,stopped_by_kl,steps_per_second
1.0,2048.0,92.0,20.358695652173914,0.0025830003432929516,0.0,-0.001371622085571289,0.0003,0.0,3901.0
2.0,4096.0,170.0,23.21,0.0020629316568374634,0.0,-0.016530513763427734,0.0002993852459016393,0.0,3158.0
3.0,6144.0,240.0,27.16,0.0009321860270574689,0.0,-0.010159969329833984,0.00029877049180327867,0.0,3359.0
4.0,8192.0,311.0,29.07,0.0005384862888604403,0.0,-0.009132981300354004,0.000298155737704918,0.0,3486.0
5.0,10240.0,377.0,29.77,0.0003440328873693943,0.0,0.007543385028839111,0.00029754098360655737,0.0,3538.0
6.0,12288.0,431.0,33.06,1.6760022845119238e-05,0.0,0.008508563041687012,0.0002969262295081967,0.0,3603.0
7.0,14336.0,496.0,31.48,0.0008924336871132255,0.0,-0.002881169319152832,0.00029631147540983607,0.0,3643.0
8.0,16384.0,557.0,32.72,0.0018020516727119684,0.0,-0.023076772689819336,0.00029569672131147536,0.0,3673.0
9.0,18432.0,609.0,35.32,0.0007873757858760655,0.0,0.004264175891876221,0.0002950819672131147,0.0,3691.0
10.0,20480.0,673.0,34.25,0.002554518636316061,0.0,0.04781550168991089,0.00029446721311475406,0.0,3715.0
11.0,22528.0,736.0,31.88,0.004122251179069281,0.0,0.003202080726623535,0.0002938524590163934,0.0,3434.0
12.0,24576.0,794.0,33.67,0.0025592546444386244,0.0,0.04707890748977661,0.00029323770491803276,0.0,3463.0
13.0,26624.0,850.0,34.35,0.001623895950615406,0.0,0.021030187606811523,0.0002926229508196721,0.0,3367.0
14.0,28672.0,910.0,35.29,0.006493346765637398,0.0013427734375,0.049307823181152344,0.00029200819672131145,0.0,2945.0
15.0,30720.0,974.0,31.43,0.017868774011731148,0.045166015625,0.026721835136413574,0.0002913934426229508,0.0,2621.0
16.0,32768.0,1040.0,31.54,0.007855542935431004,0.0372314453125,-0.017290115356445312,0.00029077868852459015,0.0,2561.0
17.0,34816.0,1111.0,29.86,0.004309289623051882,0.046875,0.03691577911376953,0.00029016393442622945,0.0,2610.0
18.0,36864.0,1174.0,30.53,0.0025905645452439785,0.046875,0.01715153455734253,0.00028954918032786885,0.0,2656.0
19.0,38912.0,1237.0,31.68,0.0047964006662368774,0.0076904296875,0.03861808776855469,0.0002889344262295082,0.0,2703.0
20.0,40960.0,1282.0,38.12,0.004293384961783886,0.0028076171875,0.024748623371124268,0.00028831967213114755,0.0,2744.0
21.0,43008.0,1331.0,41.76,0.015014744363725185,0.020751953125,-0.001990199089050293,0.00028770491803278684,0.0,2749.0
22.0,45056.0,1382.0,38.89,0.011629074811935425,0.089111328125,0.03272378444671631,0.0002870901639344262,0.0,2787.0
23.0,47104.0,1426.0,41.91,0.010081575252115726,0.0341796875,0.0485835075378418,0.00028647540983606554,0.0,2822.0
24.0,49152.0,1480.0,41.47,0.012409985065460205,0.1226806640625,0.06322914361953735,0.0002858606557377049,0.0,2854.0
25.0,51200.0,1523.0,40.6,0.006836053915321827,0.0013427734375,0.03948700428009033,0.00028524590163934424,0.0,2883.0
26.0,53248.0,1566.0,46.18,0.014765248633921146,0.0611572265625,0.07735204696655273,0.0002846311475409836,0.0,2910.0
27.0,55296.0,1603.0,49.55,0.006772841326892376,0.008544921875,0.02073812484741211,0.00028401639344262294,0.0,2938.0
28.0,57344.0,1639.0,52.49,0.003648090874776244,0.002685546875,0.08943116664886475,0.0002834016393442623,0.0,2968.0
29.0,59392.0,1680.0,52.1,0.007121802773326635,0.0364990234375,0.07892769575119019,0.00028278688524590163,0.0,2997.0
30.0,61440.0,1724.0,48.32,0.01763700321316719,0.105224609375,-0.0055921077728271484,0.00028217213114754093,0.0,3022.0
31.0,63488.0,1753.0,51.42,0.009980532340705395,0.01025390625,0.08779096603393555,0.0002815573770491803,0.0,2976.0
32.0,65536.0,1784.0,57.34,0.003978461027145386,0.0018310546875,0.02608668804168701,0.0002809426229508196,0.0,2986.0
33.0,67584.0,1822.0,60.46,0.014812538400292397,0.0240478515625,0.07826375961303711,0.00028032786885245903,0.0,2981.0
34.0,69632.0,1866.0,50.46,0.017333121970295906,0.043212890625,0.04703789949417114,0.0002797131147540983,0.0,2982.0
35.0,71680.0,1897.0,54.51,0.00430638249963522,0.0050048828125,0.06655097007751465,0.00027909836065573767,0.0,2975.0
36.0,73728.0,1923.0,56.42,0.006663930136710405,0.0103759765625,0.07682430744171143,0.000278483606557377,0.0,2992.0
37.0,75776.0,1960.0,61.42,0.010088909417390823,0.0101318359375,0.06286752223968506,0.00027786885245901637,0.0,3011.0
38.0,77824.0,1993.0,61.26,0.016969384625554085,0.051513671875,0.0971178412437439,0.0002772540983606557,0.0,3030.0
39.0,79872.0,2018.0,64.99,0.002210555598139763,0.0,0.08089995384216309,0.00027663934426229507,0.0,3047.0
40.0,81920.0,2038.0,69.39,0.0013536543119698763,0.0028076171875,0.1620458960533142,0.0002760245901639344,0.0,3065.0
41.0,83968.0,2070.0,74.21,0.011541703715920448,0.0281982421875,0.1133994460105896,0.00027540983606557377,0.0,2993.0
42.0,86016.0,2097.0,77.31,0.019059233367443085,0.126708984375,0.05325603485107422,0.0002747950819672131,0.0,3008.0
43.0,88064.0,2118.0,80.17,0.00754444720223546,0.013427734375,0.15349602699279785,0.0002741803278688524,0.0,3022.0
44.0,90112.0,2143.0,77.46,0.004695747047662735,0.001708984375,0.13227415084838867,0.00027356557377049176,0.0,3038.0
45.0,92160.0,2168.0,83.32,0.001023757504299283,0.00048828125,0.11456984281539917,0.0002729508196721311,0.0,3052.0
46.0,94208.0,2194.0,84.22,0.0013903332874178886,0.0028076171875,0.14824235439300537,0.00027233606557377046,0.0,3066.0
47.0,96256.0,2218.0,84.62,0.009222426451742649,0.011474609375,0.15282607078552246,0.0002717213114754098,0.0,3078.0
48.0,98304.0,2245.0,77.45,0.015535909682512283,0.0660400390625,0.08763355016708374,0.00027110655737704915,0.0,3093.0
49.0,100352.0,2268.0,77.65,0.013876471668481827,0.034912109375,0.17234152555465698,0.0002704918032786885,0.0,3103.0
50.0,102400.0,2297.0,76.21,0.020310312509536743,0.0732421875,0.12228715419769287,0.00026987704918032785,0.0,3117.0
51.0,104448.0,2317.0,80.35,0.0010346992639824748,0.0,0.1591130495071411,0.00026926229508196715,0.0,3054.0
52.0,106496.0,2334.0,86.38,0.003957753069698811,0.0072021484375,0.2387697696685791,0.00026864754098360655,0.0,3052.0
53.0,108544.0,2358.0,93.66,0.012843605130910873,0.01904296875,0.2641370892524719,0.0002680327868852459,0.0,3050.0
54.0,110592.0,2385.0,91.27,0.012081293389201164,0.017578125,0.1301804780960083,0.00026741803278688525,0.0,3048.0
55.0,112640.0,2405.0,94.6,0.006024327129125595,0.00537109375,0.2578961253166199,0.0002668032786885246,0.0,3045.0
56.0,114688.0,2414.0,94.74,0.0011539910919964314,0.001220703125,0.20225203037261963,0.0002661885245901639,0.0,3057.0
57.0,116736.0,2441.0,95.28,0.022153282538056374,0.1126708984375,0.18219220638275146,0.00026557377049180324,0.0,3068.0
58.0,118784.0,2457.0,99.55,0.013199945911765099,0.0308837890625,0.27678537368774414,0.0002649590163934426,0.0,3079.0
59.0,120832.0,2478.0,105.3,0.002453076420351863,0.0028076171875,0.22416752576828003,0.00026434426229508194,0.0,3087.0
60.0,122880.0,2497.0,106.55,0.011660467833280563,0.0565185546875,0.16172605752944946,0.0002637295081967213,0.0,3096.0
61.0,124928.0,2525.0,92.69,0.01820129156112671,0.0614013671875,0.30135202407836914,0.00026311475409836063,0.0,3067.0
62.0,126976.0,2539.0,101.47,0.0009425900061614811,0.00048828125,0.2938883304595947,0.0002625,0.0,3078.0
63.0,129024.0,2553.0,108.45,0.0015010586939752102,0.0025634765625,0.3219638466835022,0.00026188524590163933,0.0,3089.0
64.0,131072.0,2568.0,106.5,0.004778929054737091,0.009521484375,0.31118184328079224,0.0002612704918032787,0.0,3099.0
65.0,133120.0,2597.0,105.23,0.007954871281981468,0.008544921875,0.2002587914466858,0.000260655737704918,0.0,3108.0
66.0,135168.0,2611.0,106.92,0.0050038606859743595,0.009033203125,0.4355987310409546,0.0002600409836065573,0.0,3117.0
67.0,137216.0,2625.0,115.73,0.007158730179071426,0.01025390625,0.22667479515075684,0.00025942622950819673,0.0,3129.0
68.0,139264.0,2641.0,119.62,0.0010795136913657188,0.0008544921875,0.2640438675880432,0.000258811475409836,0.0,3141.0
69.0,141312.0,2658.0,117.63,0.002918571699410677,0.003173828125,0.3701666593551636,0.00025819672131147537,0.0,3153.0
70.0,143360.0,2682.0,115.93,0.014383065514266491,0.0382080078125,0.1748329997062683,0.0002575819672131147,0.0,3165.0
71.0,145408.0,2704.0,117.07,0.015190575271844864,0.0390625,0.24153947830200195,0.00025696721311475407,0.0,3125.0
72.0,147456.0,2716.0,115.08,0.0014714044518768787,0.0008544921875,0.309161901473999,0.0002563524590163934,0.0,3126.0
73.0,149504.0,2733.0,112.84,0.011096243746578693,0.0213623046875,0.22127151489257812,0.00025573770491803277,0.0,3125.0
74.0,151552.0,2750.0,110.42,0.004270349629223347,0.001220703125,0.35687315464019775,0.0002551229508196721,0.0,3123.0
75.0,153600.0,2761.0,115.83,0.010423464700579643,0.02099609375,0.3616216778755188,0.00025450819672131146,0.0,3118.0
76.0,155648.0,2782.0,119.65,0.023479726165533066,0.06640625,0.11995041370391846,0.0002538934426229508,0.0,3123.0
77.0,157696.0,2793.0,126.82,0.0010765953920781612,0.0023193359375,0.24400395154953003,0.0002532786885245901,0.0,3131.0
78.0,159744.0,2810.0,134.92,0.0060285963118076324,0.0048828125,0.3360685706138611,0.00025266393442622946,0.0,3138.0
79.0,161792.0,2830.0,127.47,0.013987100683152676,0.0238037109375,0.4346710443496704,0.0002520491803278688,0.0,3146.0
80.0,163840.0,2843.0,124.7,0.008496200665831566,0.0272216796875,0.22949939966201782,0.00025143442622950816,0.0,3154.0
81.0,165888.0,2863.0,121.92,0.007670901715755463,0.00537109375,0.23733806610107422,0.00025081967213114756,0.0,3124.0
82.0,167936.0,2872.0,123.53,0.006847996264696121,0.0101318359375,0.4028652310371399,0.0002502049180327869,0.0,3134.0
83.0,169984.0,2886.0,137.47,0.005463260691612959,0.0059814453125,0.3955436944961548,0.0002495901639344262,0.0,3144.0
84.0,172032.0,2903.0,131.38,0.0078892195597291,0.0172119140625,0.16507720947265625,0.00024897540983606555,0.0,3153.0
85.0,174080.0,2925.0,126.35,0.00724969245493412,0.0115966796875,0.1633976697921753,0.0002483606557377049,0.0,3160.0
86.0,176128.0,2940.0,132.58,0.010319750756025314,0.02392578125,0.17965662479400635,0.00024774590163934425,0.0,3166.0
87.0,178176.0,2949.0,131.27,0.0008686797227710485,0.0003662109375,0.4802454113960266,0.0002471311475409836,0.0,3173.0
88.0,180224.0,2961.0,139.86,0.0038691596128046513,0.0074462890625,0.4137495756149292,0.00024651639344262295,0.0,3180.0
89.0,182272.0,2976.0,140.25,0.011726567521691322,0.0274658203125,0.40849560499191284,0.0002459016393442623,0.0,3187.0
90.0,184320.0,3001.0,127.96,0.0073859309777617455,0.01025390625,0.1739588975906372,0.00024528688524590164,0.0,3193.0
91.0,186368.0,3013.0,129.93,0.003637782298028469,0.008056640625,0.43253225088119507,0.00024467213114754094,0.0,3111.0
92.0,188416.0,3027.0,138.71,0.001328161684796214,0.002197265625,0.3779539465904236,0.00024405737704918031,0.0,3109.0
93.0,190464.0,3042.0,135.72,0.006688905879855156,0.011962890625,0.19525760412216187,0.00024344262295081966,0.0,3108.0
94.0,192512.0,3051.0,136.55,0.0015972726978361607,0.0010986328125,0.6175966262817383,0.000242827868852459,0.0,3106.0
95.0,194560.0,3067.0,129.57,0.017063818871974945,0.0518798828125,0.3527093529701233,0.00024221311475409833,0.0,3113.0
96.0,196608.0,3083.0,137.19,0.0017363718943670392,0.0009765625,0.49569886922836304,0.00024159836065573768,0.0,3119.0
97.0,198656.0,3097.0,140.1,0.019955899566411972,0.08349609375,0.29633086919784546,0.00024098360655737703,0.0,3126.0
98.0,200704.0,3121.0,131.51,0.009181151166558266,0.0093994140625,0.2811030149459839,0.00024036885245901638,0.0,3131.0
99.0,202752.0,3137.0,126.8,0.003894767491146922,0.0087890625,0.24635255336761475,0.00023975409836065573,0.0,3138.0
100.0,204800.0,3150.0,126.2,0.012846091762185097,0.030029296875,0.27709752321243286,0.00023913934426229505,0.0,3143.0
101.0,206848.0,3163.0,130.02,0.0010734739480540156,0.00048828125,0.273237407207489,0.0002385245901639344,0.0,3116.0
102.0,208896.0,3175.0,130.14,0.017957724630832672,0.088623046875,0.639744758605957,0.00023790983606557375,0.0,3122.0
103.0,210944.0,3197.0,125.98,0.0028318327385932207,0.00244140625,0.2728986144065857,0.00023729508196721307,0.0,3128.0
104.0,212992.0,3208.0,131.09,0.009950272738933563,0.0264892578125,0.3931443691253662,0.00023668032786885242,0.0,3133.0
105.0,215040.0,3218.0,143.0,0.004121310543268919,0.01171875,0.2603934407234192,0.00023606557377049177,0.0,3139.0
106.0,217088.0,3236.0,147.46,0.013820447027683258,0.0272216796875,0.3821718692779541,0.00023545081967213112,0.0,3144.0
107.0,219136.0,3244.0,144.51,0.0021470810752362013,0.0032958984375,0.5182018280029297,0.0002348360655737705,0.0,3150.0
108.0,221184.0,3262.0,146.73,0.008482282049953938,0.00927734375,0.24428582191467285,0.00023422131147540984,0.0,3157.0
109.0,223232.0,3272.0,145.12,0.004477120470255613,0.0115966796875,0.0804588794708252,0.00023360655737704916,0.0,3165.0
110.0,225280.0,3290.0,149.67,0.006762806326150894,0.0084228515625,0.38261109590530396,0.0002329918032786885,0.0,3172.0
111.0,227328.0,3300.0,153.98,0.00164730753749609,0.0042724609375,0.6783245801925659,0.00023237704918032786,0.0,3124.0
112.0,229376.0,3316.0,150.49,0.013113385997712612,0.03759765625,0.3395769000053406,0.00023176229508196718,0.0,3123.0
113.0,231424.0,3333.0,146.42,0.011271972209215164,0.014892578125,0.29156410694122314,0.00023114754098360653,0.0,3121.0
114.0,233472.0,3346.0,147.43,0.0010860501788556576,0.0003662109375,0.41936802864074707,0.00023053278688524588,0.0,3122.0
115.0,235520.0,3353.0,153.02,0.010027529671788216,0.0206298828125,0.5362115502357483,0.00022991803278688523,0.0,3128.0
116.0,237568.0,3365.0,155.78,0.0045471638441085815,0.01416015625,0.12191367149353027,0.00022930327868852458,0.0,3134.0
117.0,239616.0,3379.0,158.93,0.013761766254901886,0.0584716796875,0.6170862317085266,0.00022868852459016393,0.0,3139.0
118.0,241664.0,3391.0,153.24,0.0006621437496505678,0.0,0.5913852453231812,0.00022807377049180325,0.0,3144.0
119.0,243712.0,3406.0,156.32,0.010731730610132217,0.0203857421875,0.2597620487213135,0.0002274590163934426,0.0,3149.0
120.0,245760.0,3425.0,153.27,0.009111330844461918,0.0135498046875,0.3978961110115051,0.00022684426229508195,0.0,3155.0
121.0,247808.0,3432.0,157.44,0.0041383178904652596,0.0067138671875,0.6173266768455505,0.00022622950819672127,0.0,3097.0
122.0,249856.0,3445.0,162.5,0.020815256983041763,0.074462890625,0.21665501594543457,0.00022561475409836062,0.0,3102.0
123.0,251904.0,3456.0,157.9,0.0026231531519442797,0.0008544921875,0.38149315118789673,0.000225,0.0,3108.0
124.0,253952.0,3467.0,159.29,0.0186816044151783,0.0853271484375,0.5046143531799316,0.00022438524590163934,0.0,3113.0
125.0,256000.0,3472.0,163.24,0.004459178075194359,0.01220703125,0.32092559337615967,0.0002237704918032787,0.0,3117.0
126.0,258048.0,3484.0,172.5,0.007452490273863077,0.0062255859375,0.17193478345870972,0.00022315573770491804,0.0,3122.0
127.0,260096.0,3496.0,179.38,0.013675974681973457,0.05078125,0.2599717974662781,0.00022254098360655736,0.0,3127.0
128.0,262144.0,3505.0,177.33,0.005929417908191681,0.0023193359375,0.5863435864448547,0.0002219262295081967,0.0,3132.0
129.0,264192.0,3515.0,192.0,0.009243190288543701,0.0330810546875,0.6686196327209473,0.00022131147540983603,0.0,3137.0
130.0,266240.0,3522.0,197.51,0.003231583395972848,0.0062255859375,0.3665759563446045,0.00022069672131147538,0.0,3138.0
131.0,268288.0,3536.0,201.67,0.00200645555742085,0.000244140625,0.17976641654968262,0.00022008196721311473,0.0,3080.0
132.0,270336.0,3548.0,202.67,0.002082076156511903,0.0015869140625,0.38960766792297363,0.00021946721311475408,0.0,3081.0
133.0,272384.0,3558.0,193.06,0.0026644538156688213,0.00341796875,0.08161675930023193,0.00021885245901639343,0.0,3082.0
134.0,274432.0,3566.0,200.94,0.004124622792005539,0.0133056640625,0.4528871178627014,0.00021823770491803278,0.0,3083.0
135.0,276480.0,3584.0,185.95,0.008198266848921776,0.0125732421875,0.13953012228012085,0.0002176229508196721,0.0,3090.0
136.0,278528.0,3597.0,182.45,0.004576647654175758,0.01513671875,0.2512551546096802,0.00021700819672131145,0.0,3095.0
137.0,280576.0,3608.0,177.91,0.00395040400326252,0.00634765625,0.18870508670806885,0.0002163934426229508,0.0,3099.0
138.0,282624.0,3616.0,179.34,0.0004855941515415907,0.000244140625,0.2569029927253723,0.00021577868852459012,0.0,3105.0
139.0,284672.0,3627.0,173.2,0.00026218529092147946,0.0,0.3289570212364197,0.00021516393442622947,0.0,3111.0
140.0,286720.0,3638.0,171.55,0.0011459796223789454,0.000244140625,0.30428099632263184,0.00021454918032786884,0.0,3116.0
141.0,288768.0,3648.0,170.72,0.008030220866203308,0.013916015625,0.12600284814834595,0.0002139344262295082,0.0,3071.0
142.0,290816.0,3661.0,179.27,0.003809190820902586,0.0029296875,0.43957769870758057,0.00021331967213114754,0.0,3076.0
143.0,292864.0,3670.0,172.68,0.002065629232674837,0.0023193359375,0.5553240180015564,0.0002127049180327869,0.0,3081.0
144.0,294912.0,3681.0,184.03,0.0009998847963288426,0.0009765625,0.4803222417831421,0.0002120901639344262,0.0,3086.0
145.0,296960.0,3692.0,187.64,0.004372237250208855,0.0028076171875,0.07766485214233398,0.00021147540983606556,0.0,3090.0
146.0,299008.0,3706.0,188.74,0.010549531318247318,0.017578125,0.3827592134475708,0.00021086065573770488,0.0,3095.0
147.0,301056.0,3714.0,189.58,0.001930047757923603,0.005126953125,0.4767841696739197,0.00021024590163934423,0.0,3096.0
148.0,303104.0,3722.0,190.7,0.012135227210819721,0.0281982421875,0.46704941987991333,0.00020963114754098358,0.0,3096.0
149.0,305152.0,3732.0,193.66,0.01768118515610695,0.044921875,0.10614299774169922,0.00020901639344262293,0.0,3095.0
150.0,307200.0,3742.0,195.57,0.0011244723573327065,0.003662109375,0.33793365955352783,0.00020840163934426228,0.0,3092.0
151.0,309248.0,3759.0,192.74,0.013230915181338787,0.0440673828125,0.27042901515960693,0.00020778688524590163,0.0,3074.0
152.0,311296.0,3773.0,181.63,0.003085304517298937,0.0076904296875,0.14590120315551758,0.00020717213114754098,0.0,3078.0
153.0,313344.0,3779.0,184.02,0.003987165167927742,0.0108642578125,0.2959977388381958,0.0002065573770491803,0.0,3083.0
154.0,315392.0,3792.0,192.79,0.004311489872634411,0.003662109375,0.2819030284881592,0.00020594262295081965,0.0,3087.0
155.0,317440.0,3797.0,190.93,0.0011919785756617785,0.001953125,0.294521689414978,0.00020532786885245897,0.0,3091.0
156.0,319488.0,3809.0,198.8,0.00034014711854979396,0.000244140625,0.4274827241897583,0.00020471311475409832,0.0,3094.0
157.0,321536.0,3816.0,192.79,0.0022179929073899984,0.00244140625,0.3342496156692505,0.0002040983606557377,0.0,3098.0
158.0,323584.0,3831.0,190.24,0.014752078801393509,0.0333251953125,0.3339690566062927,0.00020348360655737704,0.0,3103.0
159.0,325632.0,3846.0,180.28,0.0018018910195678473,0.0048828125,0.3521902561187744,0.0002028688524590164,0.0,3107.0
160.0,327680.0,3855.0,179.9,0.009584144689142704,0.019775390625,0.09534472227096558,0.00020225409836065574,0.0,3111.0
161.0,329728.0,3862.0,193.19,0.0015748792793601751,0.0037841796875,0.16289716958999634,0.0002016393442622951,0.0,3088.0
162.0,331776.0,3876.0,195.93,0.0005440283566713333,0.0,0.5369371771812439,0.0002010245901639344,0.0,3092.0
163.0,333824.0,3882.0,193.57,0.0014558716211467981,0.0010986328125,0.5277116298675537,0.00020040983606557376,0.0,3096.0
164.0,335872.0,3891.0,198.72,0.01913519948720932,0.0435791015625,0.34675121307373047,0.00019979508196721308,0.0,3101.0
165.0,337920.0,3912.0,180.11,0.008979636244475842,0.0146484375,0.166282057762146,0.00019918032786885243,0.0,3105.0
166.0,339968.0,3921.0,171.9,0.01399322971701622,0.0419921875,0.3542447090148926,0.00019856557377049178,0.0,3109.0
167.0,342016.0,3934.0,176.74,0.0018874485976994038,0.0,0.027089297771453857,0.00019795081967213113,0.0,3108.0
168.0,344064.0,3947.0,183.66,0.0039339992217719555,0.007568359375,0.2991257309913635,0.00019733606557377048,0.0,3108.0
169.0,346112.0,3951.0,181.77,0.005335086025297642,0.0084228515625,0.1861402988433838,0.00019672131147540983,0.0,3108.0
170.0,348160.0,3961.0,190.88,0.000987343955785036,0.0009765625,0.06990408897399902,0.00019610655737704915,0.0,3107.0
171.0,350208.0,3970.0,188.32,0.0173075832426548,0.056884765625,0.3567776083946228,0.0001954918032786885,0.0,3071.0
172.0,352256.0,3983.0,190.05,0.005684646777808666,0.0040283203125,0.2242102026939392,0.00019487704918032787,0.0,3075.0
173.0,354304.0,3987.0,185.32,0.0007090590079315007,0.0,0.3481214642524719,0.00019426229508196717,0.0,3079.0
174.0,356352.0,3998.0,195.71,0.00032820127671584487,0.0,0.1832020878791809,0.00019364754098360654,0.0,3083.0
175.0,358400.0,4005.0,201.11,0.007845386862754822,0.011962890625,0.14908456802368164,0.0001930327868852459,0.0,3087.0
176.0,360448.0,4010.0,215.24,0.0013502994552254677,0.001953125,0.07472670078277588,0.00019241803278688524,0.0,3091.0
177.0,362496.0,4018.0,230.9,0.007304218597710133,0.0115966796875,0.2543216943740845,0.0001918032786885246,0.0,3094.0
178.0,364544.0,4031.0,228.98,0.0031895821448415518,0.0048828125,0.02570408582687378,0.00019118852459016394,0.0,3098.0
179.0,366592.0,4044.0,225.41,0.0025989648420363665,0.0059814453125,0.28244727849960327,0.00019057377049180326,0.0,3101.0
180.0,368640.0,4050.0,224.65,0.002463964745402336,0.0067138671875,0.32502448558807373,0.0001899590163934426,0.0,3105.0
181.0,370688.0,4058.0,228.29,0.004924948792904615,0.0101318359375,0.2435271143913269,0.00018934426229508193,0.0,3068.0
182.0,372736.0,4072.0,223.48,0.0013395501300692558,0.0003662109375,0.1867557168006897,0.00018872950819672128,0.0,3072.0
183.0,374784.0,4084.0,224.08,0.014951853081583977,0.037353515625,0.35564738512039185,0.00018811475409836063,0.0,3076.0
184.0,376832.0,4090.0,219.92,0.010140608996152878,0.01123046875,0.5611417889595032,0.00018749999999999998,0.0,3077.0
185.0,378880.0,4096.0,221.95,0.007963418960571289,0.018798828125,0.5144015550613403,0.00018688524590163933,0.0,3077.0
186.0,380928.0,4117.0,198.17,0.001992934849113226,0.0003662109375,0.3185862898826599,0.00018627049180327867,0.0,3076.0
187.0,382976.0,4133.0,180.75,0.020457344129681587,0.1239013671875,0.29573702812194824,0.00018565573770491805,0.0,3074.0
188.0,385024.0,4134.0,180.34,0.0011784620583057404,0.0047607421875,0.3798668384552002,0.00018504098360655735,0.0,3077.0
189.0,387072.0,4144.0,205.36,0.0009462619200348854,0.0013427734375,0.21136140823364258,0.00018442622950819672,0.0,3081.0
190.0,389120.0,4151.0,201.45,0.005547843407839537,0.01123046875,0.21088701486587524,0.00018381147540983602,0.0,3085.0
191.0,391168.0,4160.0,199.2,0.008287552744150162,0.048828125,0.2540375590324402,0.0001831967213114754,0.0,3050.0
192.0,393216.0,4166.0,204.3,0.00924950372427702,0.0157470703125,0.2978096008300781,0.00018258196721311474,0.0,3053.0
193.0,395264.0,4175.0,213.65,0.0003802219871431589,0.00048828125,0.120572030544281,0.0001819672131147541,0.0,3057.0
194.0,397312.0,4183.0,217.45,0.004926668480038643,0.0093994140625,0.0194433331489563,0.00018135245901639344,0.0,3060.0
195.0,399360.0,4189.0,221.64,0.00047665188321843743,0.0,0.10955166816711426,0.0001807377049180328,0.0,3064.0
196.0,401408.0,4202.0,220.06,0.008827685378491879,0.0118408203125,0.18170326948165894,0.0001801229508196721,0.0,3067.0
197.0,403456.0,4210.0,225.7,0.0033628453966230154,0.0028076171875,0.30178016424179077,0.00017950819672131146,0.0,3070.0
198.0,405504.0,4217.0,232.34,0.008859412744641304,0.01171875,0.2786431312561035,0.0001788934426229508,0.0,3073.0
199.0,407552.0,4229.0,252.9,0.00041909050196409225,0.0,0.46571487188339233,0.00017827868852459013,0.0,3076.0
200.0,409600.0,4236.0,256.7,0.00806671567261219,0.0096435546875,0.7273542284965515,0.00017766393442622948,0.0,3079.0
201.0,411648.0,4244.0,242.77,0.0014783564256504178,0.0045166015625,0.28487110137939453,0.00017704918032786883,0.0,3045.0
202.0,413696.0,4254.0,243.82,0.001895757857710123,0.003662109375,0.18361717462539673,0.00017643442622950818,0.0,3045.0
203.0,415744.0,4263.0,242.77,0.0014967623865231872,0.0023193359375,0.10590100288391113,0.00017581967213114755,0.0,3046.0
204.0,417792.0,4268.0,239.38,0.0001587516162544489,0.0,0.4069603681564331,0.0001752049180327869,0.0,3045.0
205.0,419840.0,4275.0,241.67,0.012587091885507107,0.02197265625,0.25116753578186035,0.0001745901639344262,0.0,3048.0
206.0,421888.0,4283.0,246.27,0.0026494134217500687,0.0054931640625,0.5037499666213989,0.00017397540983606557,0.0,3051.0
207.0,423936.0,4296.0,234.21,0.018840786069631577,0.066650390625,0.3633171319961548,0.00017336065573770487,0.0,3055.0
208.0,425984.0,4298.0,229.94,0.0009247268899343908,0.0023193359375,0.41522836685180664,0.00017274590163934424,0.0,3058.0
209.0,428032.0,4307.0,250.0,0.006013550795614719,0.008544921875,0.13492339849472046,0.0001721311475409836,0.0,3061.0
210.0,430080.0,4313.0,246.15,0.000999057199805975,0.0006103515625,0.17128461599349976,0.00017151639344262294,0.0,3065.0
211.0,432128.0,4325.0,250.49,0.013053476810455322,0.0570068359375,0.19876712560653687,0.0001709016393442623,0.0,3048.0
212.0,434176.0,4329.0,252.92,0.0018170702969655395,0.0,0.21060818433761597,0.00017028688524590164,0.0,3051.0
213.0,436224.0,4335.0,260.59,0.0015205394010990858,0.00146484375,0.2760224938392639,0.00016967213114754099,0.0,3055.0
214.0,438272.0,4347.0,262.38,0.0014387450646609068,0.0028076171875,0.2982461452484131,0.0001690573770491803,0.0,3058.0
215.0,440320.0,4354.0,257.1,0.005180215463042259,0.00439453125,0.044725000858306885,0.00016844262295081966,0.0,3061.0
216.0,442368.0,4361.0,267.63,0.004038435406982899,0.010009765625,0.10817509889602661,0.00016782786885245898,0.0,3064.0
217.0,444416.0,4370.0,267.4,0.001760177779942751,0.0035400390625,0.420030415058136,0.00016721311475409833,0.0,3068.0
218.0,446464.0,4379.0,258.16,0.01194367278367281,0.0255126953125,0.4267203211784363,0.00016659836065573768,0.0,3071.0
219.0,448512.0,4384.0,262.18,0.003841010620817542,0.00830078125,0.281217098236084,0.00016598360655737702,0.0,3074.0
220.0,450560.0,4401.0,247.21,0.010557667352259159,0.017822265625,0.17951011657714844,0.0001653688524590164,0.0,3077.0
221.0,452608.0,4407.0,237.51,0.002486357931047678,0.002685546875,0.4389307498931885,0.00016475409836065575,0.0,3039.0
222.0,454656.0,4413.0,252.35,0.0022802073508501053,0.00244140625,0.21821022033691406,0.0001641393442622951,0.0,3038.0
223.0,456704.0,4419.0,246.85,0.0011452657636255026,0.0015869140625,0.24204665422439575,0.00016352459016393442,0.0,3041.0
224.0,458752.0,4428.0,254.43,0.0016515870811417699,0.0035400390625,0.09979021549224854,0.00016290983606557377,0.0,3043.0
225.0,460800.0,4436.0,237.09,0.006595795974135399,0.0042724609375,0.1887405514717102,0.0001622950819672131,0.0,3046.0
226.0,462848.0,4449.0,238.18,0.008521880954504013,0.01513671875,0.06474697589874268,0.00016168032786885244,0.0,3049.0
227.0,464896.0,4453.0,240.05,0.0005694793653674424,0.0001220703125,0.21858644485473633,0.0001610655737704918,0.0,3052.0
228.0,466944.0,4461.0,248.0,0.0010546906851232052,0.0037841796875,0.16787505149841309,0.00016045081967213114,0.0,3055.0
229.0,468992.0,4465.0,249.19,0.0011652909452095628,0.0010986328125,0.10331547260284424,0.00015983606557377049,0.0,3057.0
230.0,471040.0,4472.0,254.11,0.0002922115963883698,0.0,0.21485871076583862,0.00015922131147540984,0.0,3060.0
231.0,473088.0,4479.0,256.21,0.007107677403837442,0.0142822265625,0.30210167169570923,0.00015860655737704916,0.0,3032.0
232.0,475136.0,4486.0,255.44,0.017851199954748154,0.0567626953125,0.07481575012207031,0.0001579918032786885,0.0,3035.0
233.0,477184.0,4490.0,265.09,0.0025436668656766415,0.001220703125,0.06803888082504272,0.00015737704918032785,0.0,3038.0
234.0,479232.0,4501.0,283.35,0.013851684518158436,0.0484619140625,0.09422647953033447,0.00015676229508196718,0.0,3041.0
235.0,481280.0,4510.0,282.0,0.0019442909397184849,0.0020751953125,0.21690499782562256,0.00015614754098360653,0.0,3044.0
236.0,483328.0,4514.0,275.47,0.0030137435533106327,0.00390625,0.2839164733886719,0.00015553278688524587,0.0,3046.0
237.0,485376.0,4523.0,282.62,0.00026332488050684333,0.0,0.1851676106452942,0.00015491803278688525,0.0,3049.0
238.0,487424.0,4528.0,275.45,0.00025492935674265027,0.0,0.14740502834320068,0.0001543032786885246,0.0,3051.0
239.0,489472.0,4537.0,286.67,0.0003909515799023211,0.0001220703125,0.02181065082550049,0.00015368852459016395,0.0,3051.0
240.0,491520.0,4548.0,291.42,0.005194768775254488,0.00927734375,0.15246427059173584,0.00015307377049180327,0.0,3051.0
241.0,493568.0,4552.0,297.59,0.002544218674302101,0.0010986328125,0.5881384611129761,0.00015245901639344262,0.0,3029.0
242.0,495616.0,4557.0,298.55,0.0014294465072453022,0.00244140625,0.2912006378173828,0.00015184426229508194,0.0,3032.0
243.0,497664.0,4565.0,293.66,0.00045498093822970986,0.000244140625,0.40761029720306396,0.0001512295081967213,0.0,3035.0
244.0,499712.0,4575.0,280.51,0.0008585796458646655,0.0008544921875,0.323192834854126,0.00015061475409836064,0.0,3037.0
245.0,501760.0,4580.0,286.99,0.0011833027238026261,0.0,0.2531934380531311,0.00015,0.0,3039.0
246.0,503808.0,4585.0,288.19,0.005092187784612179,0.009033203125,0.3418533205986023,0.00014938524590163934,0.0,3041.0
247.0,505856.0,4591.0,288.46,0.013090062886476517,0.0606689453125,0.1656872034072876,0.00014877049180327868,0.0,3044.0
248.0,507904.0,4604.0,278.16,0.007132752798497677,0.0047607421875,0.30741363763809204,0.000148155737704918,0.0,3048.0
249.0,509952.0,4613.0,274.62,0.0012802344281226397,0.0040283203125,0.27701395750045776,0.00014754098360655736,0.0,3050.0
250.0,512000.0,4620.0,269.3,0.0071126483380794525,0.00830078125,0.10491430759429932,0.0001469262295081967,0.0,3053.0
251.0,514048.0,4625.0,273.99,0.0005141218425706029,0.0,0.30447107553482056,0.00014631147540983605,0.0,3029.0
252.0,516096.0,4631.0,276.21,0.011318402364850044,0.0257568359375,0.25553029775619507,0.00014569672131147537,0.0,3032.0
253.0,518144.0,4638.0,277.62,0.0003206272958777845,0.0,0.006339311599731445,0.00014508196721311472,0.0,3035.0
254.0,520192.0,4647.0,279.38,0.012089111842215061,0.0374755859375,0.19319522380828857,0.0001444672131147541,0.0,3038.0
255.0,522240.0,4656.0,268.53,0.006763055920600891,0.0067138671875,0.1628376841545105,0.00014385245901639345,0.0,3040.0
256.0,524288.0,4659.0,264.0,0.006597799714654684,0.0120849609375,0.04049164056777954,0.00014323770491803277,0.0,3042.0
257.0,526336.0,4667.0,271.05,0.0022007704246789217,0.0032958984375,0.007520079612731934,0.00014262295081967212,0.0,3042.0
258.0,528384.0,4669.0,279.04,0.0052889431826770306,0.0186767578125,0.09510862827301025,0.00014200819672131147,0.0,3042.0
259.0,530432.0,4680.0,291.73,0.0008839023066684604,0.0003662109375,0.18487685918807983,0.00014139344262295082,0.0,3042.0
260.0,532480.0,4693.0,262.6,0.0020032306201756,0.00244140625,0.3138551115989685,0.00014077868852459017,0.0,3043.0
261.0,534528.0,4697.0,272.37,0.00511957798153162,0.004638671875,0.23051798343658447,0.0001401639344262295,0.0,3020.0
262.0,536576.0,4702.0,279.93,0.000988150481134653,0.0015869140625,0.03158992528915405,0.00013954918032786884,0.0,3023.0
263.0,538624.0,4708.0,288.09,0.002286931499838829,0.007568359375,0.16137874126434326,0.00013893442622950819,0.0,3025.0
264.0,540672.0,4717.0,300.7,0.0039761606603860855,0.0035400390625,0.06028705835342407,0.00013831967213114753,0.0,3028.0
265.0,542720.0,4724.0,291.31,0.006967178545892239,0.0087890625,0.16269654035568237,0.00013770491803278686,0.0,3031.0
266.0,544768.0,4731.0,289.97,0.0007053357549011707,0.0015869140625,0.09064418077468872,0.0001370901639344262,0.0,3034.0
267.0,546816.0,4737.0,292.55,0.00032722705509513617,0.001220703125,0.2979539632797241,0.00013647540983606555,0.0,3037.0
268.0,548864.0,4741.0,291.72,0.000933156639803201,0.0008544921875,0.21699565649032593,0.0001358606557377049,0.0,3039.0
269.0,550912.0,4747.0,304.55,0.0006822421564720571,0.000732421875,0.22521328926086426,0.00013524590163934422,0.0,3042.0
270.0,552960.0,4754.0,305.86,0.0031477082520723343,0.00244140625,0.4632415771484375,0.00013463114754098357,0.0,3044.0
271.0,555008.0,4763.0,300.92,0.0011857227655127645,0.0,0.09673017263412476,0.00013401639344262295,0.0,3022.0
272.0,557056.0,4778.0,272.69,0.0038405368104577065,0.0081787109375,0.20750665664672852,0.0001334016393442623,0.0,3025.0
273.0,559104.0,4784.0,272.01,0.00461380323395133,0.0052490234375,-0.004703164100646973,0.00013278688524590165,0.0,3026.0
274.0,561152.0,4790.0,286.46,0.0006059796432964504,0.0003662109375,0.3016224503517151,0.00013217213114754097,0.0,3026.0
275.0,563200.0,4796.0,296.4,0.00040483399061486125,0.0001220703125,0.27812427282333374,0.00013155737704918032,0.0,3026.0
276.0,565248.0,4801.0,292.7,0.010488596744835377,0.0159912109375,0.07723677158355713,0.00013094262295081967,0.0,3026.0
277.0,567296.0,4811.0,281.73,0.0016430788673460484,0.003662109375,0.21169513463974,0.00013032786885245902,0.0,3026.0
278.0,569344.0,4816.0,284.09,0.0019174297340214252,0.0010986328125,0.07605034112930298,0.00012971311475409834,0.0,3028.0
279.0,571392.0,4821.0,290.75,0.0027537597343325615,0.004638671875,-0.022915959358215332,0.00012909836065573769,0.0,3030.0
280.0,573440.0,4827.0,295.25,0.000312885211315006,0.0001220703125,0.11223965883255005,0.00012848360655737703,0.0,3033.0
281.0,575488.0,4834.0,296.57,0.00037729169707745314,0.00048828125,0.09317868947982788,0.00012786885245901638,0.0,3011.0
282.0,577536.0,4844.0,282.12,0.004129717126488686,0.0103759765625,0.07806169986724854,0.00012725409836065573,0.0,3013.0
283.0,579584.0,4848.0,280.0,0.005370620638132095,0.002197265625,0.41184812784194946,0.00012663934426229505,0.0,3015.0
284.0,581632.0,4854.0,290.69,0.002754096407443285,0.0054931640625,0.1471635103225708,0.0001260245901639344,0.0,3018.0
285.0,583680.0,4863.0,290.61,0.003992893733084202,0.00146484375,0.16836029291152954,0.00012540983606557378,0.0,3020.0
286.0,585728.0,4868.0,292.22,0.0030708443373441696,0.00537109375,0.03184157609939575,0.00012479508196721313,0.0,3023.0
287.0,587776.0,4878.0,306.66,0.00026184337912127376,0.0,0.1615545153617859,0.00012418032786885242,0.0,3025.0
288.0,589824.0,4881.0,308.57,0.004549776203930378,0.0029296875,0.47316569089889526,0.0001235655737704918,0.0,3027.0
289.0,591872.0,4891.0,308.92,0.0006598158506676555,0.000732421875,0.28862833976745605,0.00012295081967213115,0.0,3030.0
290.0,593920.0,4897.0,300.99,0.012197822332382202,0.0372314453125,0.26158154010772705,0.0001223360655737705,0.0,3032.0
291.0,595968.0,4903.0,303.64,0.01300758495926857,0.0302734375,0.08842623233795166,0.0001217213114754098,0.0,3007.0
292.0,598016.0,4911.0,306.38,0.0033366093412041664,0.001953125,0.35662025213241577,0.00012110655737704917,0.0,3007.0
293.0,600064.0,4920.0,297.19,0.009702468290925026,0.0142822265625,0.5033107399940491,0.00012049180327868852,0.0,3006.0
294.0,602112.0,4924.0,298.45,0.0031465445645153522,0.0064697265625,0.09177595376968384,0.00011987704918032786,0.0,3008.0
295.0,604160.0,4931.0,296.62,0.015045750886201859,0.0419921875,0.18989157676696777,0.00011926229508196721,0.0,3010.0
296.0,606208.0,4938.0,296.42,0.005376211367547512,0.00634765625,0.1289728283882141,0.00011864754098360654,0.0,3013.0
297.0,608256.0,4943.0,303.17,0.005045155994594097,0.0045166015625,0.11071610450744629,0.00011803278688524588,0.0,3015.0
298.0,610304.0,4948.0,313.49,0.0008480950491502881,0.000244140625,0.08763140439987183,0.00011741803278688525,0.0,3017.0
299.0,612352.0,4952.0,313.96,0.0019497491884976625,0.002197265625,-0.02525782585144043,0.0001168032786885246,0.0,3019.0
300.0,614400.0,4956.0,315.72,0.004686749540269375,0.0064697265625,0.012932002544403076,0.00011618852459016392,0.0,3022.0
301.0,616448.0,4968.0,312.72,0.0007332650711759925,0.00048828125,0.19241172075271606,0.00011557377049180327,0.0,3001.0
302.0,618496.0,4974.0,307.0,0.012062476947903633,0.0181884765625,0.26816636323928833,0.00011495901639344261,0.0,3003.0
303.0,620544.0,4982.0,306.79,0.0017237557331100106,0.003662109375,0.08034002780914307,0.00011434426229508196,0.0,3005.0
304.0,622592.0,4989.0,303.69,0.0032210922800004482,0.0003662109375,0.08564645051956177,0.00011372950819672129,0.0,3007.0
305.0,624640.0,4993.0,313.88,0.001596477348357439,0.003173828125,-0.007314801216125488,0.00011311475409836063,0.0,3010.0
306.0,626688.0,5000.0,317.91,0.007138488814234734,0.0048828125,0.045314133167266846,0.0001125,0.0,3012.0
307.0,628736.0,5012.0,305.03,0.0015385448932647705,0.0020751953125,0.11553090810775757,0.00011188524590163935,0.0,3014.0
308.0,630784.0,5021.0,304.86,0.006336642429232597,0.0140380859375,0.15670979022979736,0.0001112704918032787,0.0,3016.0
309.0,632832.0,5023.0,304.86,0.005673667415976524,0.0069580078125,0.03151392936706543,0.00011065573770491802,0.0,3019.0
310.0,634880.0,5030.0,305.52,0.005598483141511679,0.0018310546875,0.06997036933898926,0.00011004098360655737,0.0,3018.0
311.0,636928.0,5034.0,316.25,0.0008135802345350385,0.0,0.10964852571487427,0.00010942622950819671,0.0,2991.0
312.0,638976.0,5039.0,321.07,0.00998256541788578,0.027099609375,0.0483059287071228,0.00010881147540983606,0.0,2993.0
313.0,641024.0,5047.0,308.06,0.0008504476863890886,0.000244140625,0.1543152928352356,0.00010819672131147538,0.0,2995.0
314.0,643072.0,5052.0,300.78,0.01286162156611681,0.0235595703125,0.14747655391693115,0.00010758196721311473,0.0,2998.0
315.0,645120.0,5061.0,298.86,0.0007399428868666291,0.000244140625,0.1484137773513794,0.0001069672131147541,0.0,3000.0
316.0,647168.0,5064.0,300.06,0.002060099970549345,0.0037841796875,-0.018192291259765625,0.00010635245901639344,0.0,3001.0
317.0,649216.0,5072.0,313.93,0.0021334607154130936,0.0006103515625,0.05827891826629639,0.00010573770491803277,0.0,3003.0
318.0,651264.0,5078.0,313.23,0.000990073662251234,0.0001220703125,0.05389350652694702,0.00010512295081967212,0.0,3006.0
319.0,653312.0,5083.0,323.36,0.002345109824091196,0.001708984375,-0.038562893867492676,0.00010450819672131146,0.0,3008.0
320.0,655360.0,5090.0,324.97,0.0017835122998803854,0.0001220703125,0.11590325832366943,0.00010389344262295081,0.0,3010.0
321.0,657408.0,5093.0,326.58,0.008528577163815498,0.0113525390625,-0.030004382133483887,0.00010327868852459018,0.0,2991.0
322.0,659456.0,5103.0,327.33,0.0008943103021010756,0.0001220703125,0.18618088960647583,0.00010266393442622948,0.0,2993.0
323.0,661504.0,5117.0,321.23,0.0027934161480516195,0.0029296875,0.18690210580825806,0.00010204918032786885,0.0,2995.0
324.0,663552.0,5127.0,300.66,0.0049810451455414295,0.0111083984375,0.19868922233581543,0.0001014344262295082,0.0,2997.0
325.0,665600.0,5131.0,300.53,0.004319703672081232,0.0057373046875,0.09431988000869751,0.00010081967213114754,0.0,2999.0
326.0,667648.0,5139.0,291.5,0.000771667342633009,0.0,0.09644496440887451,0.00010020491803278687,0.0,3001.0
327.0,669696.0,5143.0,292.94,0.001930800499394536,0.0,0.024085640907287598,9.959016393442621e-05,0.0,3001.0
328.0,671744.0,5148.0,300.85,0.0019913676660507917,0.0015869140625,0.027686357498168945,9.897540983606556e-05,0.0,3001.0
329.0,673792.0,5155.0,306.11,0.014995860867202282,0.0430908203125,0.07825970649719238,9.836065573770491e-05,0.0,3000.0
330.0,675840.0,5161.0,307.6,0.0004387921071611345,0.0008544921875,0.04810452461242676,9.774590163934423e-05,0.0,3001.0
331.0,677888.0,5168.0,301.43,0.007792029995471239,0.0137939453125,0.09369862079620361,9.713114754098358e-05,0.0,2983.0
332.0,679936.0,5173.0,301.53,0.005794391501694918,0.014404296875,0.0819743275642395,9.651639344262295e-05,0.0,2985.0
333.0,681984.0,5178.0,307.71,0.0005351980798877776,0.0,0.25121504068374634,9.59016393442623e-05,0.0,2987.0
334.0,684032.0,5186.0,302.48,0.0038584135472774506,0.00537109375,0.24741458892822266,9.528688524590164e-05,0.0,2989.0
335.0,686080.0,5187.0,305.74,0.000414264271967113,0.0001220703125,-0.13334500789642334,9.467213114754097e-05,0.0,2991.0
336.0,688128.0,5197.0,303.73,0.0010093138553202152,0.0001220703125,0.10455650091171265,9.405737704918031e-05,0.0,2994.0
337.0,690176.0,5200.0,309.46,0.00032212305814027786,0.0001220703125,-0.038434624671936035,9.344262295081966e-05,0.0,2996.0
338.0,692224.0,5207.0,318.38,0.0036219218745827675,0.002685546875,-0.03090953826904297,9.282786885245903e-05,0.0,2998.0
339.0,694272.0,5212.0,322.31,0.0022733178921043873,0.001708984375,0.1998029351234436,9.221311475409833e-05,0.0,3001.0
340.0,696320.0,5218.0,336.31,0.000568055547773838,0.0001220703125,0.059605300426483154,9.15983606557377e-05,0.0,3003.0
341.0,698368.0,5224.0,349.28,0.002889283699914813,0.0,0.09811264276504517,9.098360655737704e-05,0.0,2985.0
342.0,700416.0,5229.0,353.54,0.000215445295907557,0.0001220703125,0.1045648455619812,9.03688524590164e-05,0.0,2987.0
343.0,702464.0,5234.0,359.52,0.0007215947844088078,0.0,0.3189859986305237,8.975409836065574e-05,0.0,2987.0
344.0,704512.0,5240.0,355.99,0.0023929860908538103,0.0013427734375,0.057072997093200684,8.913934426229506e-05,0.0,2987.0
345.0,706560.0,5245.0,358.36,0.0031693074852228165,0.001708984375,0.07580703496932983,8.852459016393441e-05,0.0,2988.0
346.0,708608.0,5250.0,353.82,0.0019358204444870353,0.0028076171875,0.08178657293319702,8.790983606557378e-05,0.0,2987.0
347.0,710656.0,5256.0,361.48,0.0001371803809888661,0.0,0.15169638395309448,8.729508196721312e-05,0.0,2989.0
348.0,712704.0,5261.0,362.19,0.000331261137034744,0.0001220703125,0.2016901969909668,8.668032786885243e-05,0.0,2991.0
349.0,714752.0,5266.0,375.23,0.00030673894798383117,0.0,-0.08739101886749268,8.60655737704918e-05,0.0,2993.0
350.0,716800.0,5277.0,355.32,3.838283009827137e-05,0.0,0.2596251964569092,8.545081967213114e-05,0.0,2995.0
351.0,718848.0,5280.0,355.13,0.0005820722435601056,0.0,0.1695670485496521,8.483606557377049e-05,0.0,2978.0
352.0,720896.0,5288.0,351.17,0.007426862604916096,0.0118408203125,0.039369165897369385,8.422131147540981e-05,0.0,2980.0
353.0,722944.0,5294.0,344.51,0.0009654155001044273,0.0009765625,0.09236365556716919,8.360655737704916e-05,0.0,2982.0
354.0,724992.0,5303.0,341.17,0.0011520680272951722,0.0001220703125,0.2001461386680603,8.299180327868851e-05,0.0,2984.0
355.0,727040.0,5306.0,331.64,0.0047100745141506195,0.0050048828125,0.07169687747955322,8.237704918032787e-05,0.0,2986.0
356.0,729088.0,5313.0,344.5,0.0001659721601754427,0.0,0.04326033592224121,8.176229508196722e-05,0.0,2988.0
357.0,731136.0,5322.0,333.59,0.004480305127799511,0.005126953125,0.017153799533843994,8.114754098360655e-05,0.0,2990.0
358.0,733184.0,5329.0,326.1,0.0014591533690690994,0.0023193359375,0.13399779796600342,8.05327868852459e-05,0.0,2992.0
359.0,735232.0,5332.0,329.22,0.002518130000680685,0.0,0.5176104307174683,7.991803278688524e-05,0.0,2994.0
360.0,737280.0,5339.0,335.74,0.0028118747286498547,0.002197265625,0.1282559633255005,7.930327868852459e-05,0.0,2996.0
361.0,739328.0,5344.0,333.36,0.0002461764379404485,0.000244140625,0.19423550367355347,7.868852459016391e-05,0.0,2976.0
362.0,741376.0,5352.0,331.75,0.0020623519085347652,0.0,0.45250189304351807,7.807377049180326e-05,0.0,2976.0
363.0,743424.0,5359.0,320.18,0.00045402260730043054,0.0,0.5265474319458008,7.745901639344263e-05,0.0,2976.0
364.0,745472.0,5366.0,305.39,0.00035697955172508955,0.0,0.06986510753631592,7.684426229508197e-05,0.0,2978.0
365.0,747520.0,5371.0,311.8,0.004284646827727556,0.0042724609375,0.08776181936264038,7.62295081967213e-05,0.0,2980.0
366.0,749568.0,5378.0,324.73,0.0003589579137042165,0.0,0.08716756105422974,7.561475409836064e-05,0.0,2982.0
367.0,751616.0,5382.0,323.77,0.002164683770388365,0.00048828125,0.27514129877090454,7.5e-05,0.0,2984.0
368.0,753664.0,5388.0,326.14,0.00010982091771438718,0.0,-0.01444864273071289,7.438524590163934e-05,0.0,2986.0
369.0,755712.0,5393.0,330.98,0.0016876532463356853,0.0009765625,0.26826298236846924,7.377049180327869e-05,0.0,2988.0
370.0,757760.0,5399.0,333.12,0.00021789257880300283,0.0,0.05782252550125122,7.315573770491801e-05,0.0,2990.0
371.0,759808.0,5403.0,339.73,0.00204628799110651,0.0008544921875,-0.0003693103790283203,7.254098360655736e-05,0.0,2975.0
372.0,761856.0,5409.0,344.48,0.000576338148675859,0.0003662109375,0.33337700366973877,7.192622950819672e-05,0.0,2977.0
373.0,763904.0,5415.0,341.21,0.0002813843893818557,0.0,0.0985153317451477,7.131147540983607e-05,0.0,2979.0
374.0,765952.0,5422.0,346.07,0.001093346974812448,0.0013427734375,0.2264937162399292,7.06967213114754e-05,0.0,2981.0
375.0,768000.0,5427.0,348.58,0.000927422777749598,0.0,0.14603137969970703,7.008196721311474e-05,0.0,2982.0
376.0,770048.0,5431.0,352.65,0.002155185677111149,0.0006103515625,0.3625868558883667,6.946721311475409e-05,0.0,2984.0
377.0,772096.0,5440.0,349.13,0.00014660711167380214,0.0,0.5523087978363037,6.885245901639344e-05,0.0,2986.0
378.0,774144.0,5445.0,343.82,0.00021542509784922004,0.0,0.4962833523750305,6.823770491803276e-05,0.0,2988.0
379.0,776192.0,5450.0,348.69,0.0031303847208619118,0.0006103515625,0.5085110068321228,6.762295081967211e-05,0.0,2990.0
380.0,778240.0,5454.0,353.61,0.0002613699762150645,0.0001220703125,0.24245214462280273,6.700819672131147e-05,0.0,2990.0
381.0,780288.0,5460.0,356.99,0.0015076504787430167,0.000244140625,0.004492282867431641,6.639344262295082e-05,0.0,2969.0
382.0,782336.0,5465.0,366.53,0.0005553844384849072,0.0,-0.007134675979614258,6.577868852459017e-05,0.0,2970.0
383.0,784384.0,5472.0,361.19,0.00031968537950888276,0.0,0.26643556356430054,6.51639344262295e-05,0.0,2972.0
384.0,786432.0,5478.0,360.35,0.005500778555870056,0.003173828125,0.13261675834655762,6.454918032786884e-05,0.0,2973.0
385.0,788480.0,5484.0,356.08,0.0015551422256976366,0.0001220703125,0.019707322120666504,6.393442622950819e-05,0.0,2975.0
386.0,790528.0,5494.0,345.55,4.507129779085517e-05,0.0,0.47128045558929443,6.331967213114755e-05,0.0,2977.0
387.0,792576.0,5500.0,348.03,0.0024382607080042362,0.0008544921875,0.09940576553344727,6.270491803278686e-05,0.0,2979.0
388.0,794624.0,5505.0,338.47,0.0029337513260543346,0.0003662109375,-0.001130223274230957,6.209016393442621e-05,0.0,2980.0
389.0,796672.0,5512.0,342.43,0.00037054589483886957,0.0,0.20098114013671875,6.147540983606557e-05,0.0,2982.0
390.0,798720.0,5516.0,340.54,7.290230132639408e-05,0.0,0.036428213119506836,6.086065573770492e-05,0.0,2984.0
391.0,800768.0,5521.0,347.56,0.0005075677763670683,0.0001220703125,-0.06410443782806396,6.024590163934424e-05,0.0,2968.0
392.0,802816.0,5526.0,348.13,0.0022102307993918657,0.0025634765625,0.03248703479766846,5.963114754098359e-05,0.0,2970.0
393.0,804864.0,5532.0,351.12,5.373760359361768e-05,0.0,0.031998395919799805,5.901639344262294e-05,0.0,2972.0
394.0,806912.0,5540.0,346.13,0.0007754018297418952,0.0,0.22798150777816772,5.84016393442623e-05,0.0,2974.0
395.0,808960.0,5544.0,348.1,0.00020139169646427035,0.0,0.03079456090927124,5.778688524590165e-05,0.0,2975.0
396.0,811008.0,5549.0,355.33,0.0009741120156832039,0.0,0.1238853931427002,5.717213114754097e-05,0.0,2976.0
397.0,813056.0,5560.0,338.21,0.00023915100609883666,0.0,0.06520622968673706,5.655737704918032e-05,0.0,2976.0
398.0,815104.0,5562.0,333.81,0.0014818799681961536,0.000732421875,0.11456960439682007,5.594262295081967e-05,0.0,2976.0
399.0,817152.0,5568.0,338.09,0.00040046084905043244,0.0,0.16596245765686035,5.532786885245902e-05,0.0,2976.0
400.0,819200.0,5575.0,340.07,0.0008797806221991777,0.0,0.1797236204147339,5.4713114754098344e-05,0.0,2976.0
401.0,821248.0,5578.0,342.79,0.000924697844311595,0.0001220703125,0.02306264638900757,5.409836065573769e-05,0.0,2962.0
402.0,823296.0,5583.0,354.21,0.0003152280696667731,0.0,0.1433619260787964,5.348360655737705e-05,0.0,2964.0
403.0,825344.0,5590.0,355.64,8.900131797417998e-05,0.0,0.2669587731361389,5.28688524590164e-05,0.0,2965.0
404.0,827392.0,5594.0,359.95,0.00031046190997585654,0.0,0.0960080623626709,5.225409836065575e-05,0.0,2967.0
405.0,829440.0,5602.0,361.27,0.0021647673565894365,0.000244140625,0.07473868131637573,5.163934426229507e-05,0.0,2969.0
406.0,831488.0,5605.0,364.27,0.00034800724824890494,0.0001220703125,0.17176181077957153,5.102459016393442e-05,0.0,2971.0
407.0,833536.0,5612.0,363.41,0.0010326005285605788,0.0,-0.012801408767700195,5.040983606557377e-05,0.0,2973.0
408.0,835584.0,5614.0,370.46,0.000739075243473053,0.0,0.01705777645111084,4.979508196721312e-05,0.0,2974.0
409.0,837632.0,5622.0,370.36,2.2257561795413494e-05,0.0,0.08799928426742554,4.918032786885244e-05,0.0,2976.0
410.0,839680.0,5626.0,369.15,0.00046968553215265274,0.0,0.34087157249450684,4.856557377049179e-05,0.0,2978.0
411.0,841728.0,5635.0,362.79,0.00036499067209661007,0.0003662109375,0.11195474863052368,4.795081967213115e-05,0.0,2963.0
412.0,843776.0,5639.0,364.8,0.0012347062584012747,0.0,0.039475083351135254,4.7336065573770496e-05,0.0,2965.0
413.0,845824.0,5646.0,361.97,0.00015892524970695376,0.0,0.11893761157989502,4.672131147540982e-05,0.0,2965.0
414.0,847872.0,5652.0,361.75,0.002279044361785054,0.0001220703125,0.1293085217475891,4.610655737704917e-05,0.0,2965.0
415.0,849920.0,5656.0,371.93,0.0033151584211736917,0.0020751953125,0.04255998134613037,4.549180327868852e-05,0.0,2965.0
416.0,851968.0,5661.0,380.1,0.0004167113802395761,0.0001220703125,0.27197402715682983,4.487704918032787e-05,0.0,2964.0
417.0,854016.0,5666.0,376.02,0.0008432038011960685,0.0,0.2776697874069214,4.426229508196723e-05,0.0,2966.0
418.0,856064.0,5672.0,379.76,0.0007485877140425146,0.0,0.1295313835144043,4.364754098360654e-05,0.0,2968.0
419.0,858112.0,5677.0,374.08,0.0001669960329309106,0.0,0.11168628931045532,4.30327868852459e-05,0.0,2969.0
420.0,860160.0,5685.0,365.87,0.0006008377531543374,0.0,0.15576785802841187,4.2418032786885246e-05,0.0,2971.0
421.0,862208.0,5691.0,366.89,9.926117490977049e-05,0.0,0.10359030961990356,4.18032786885246e-05,0.0,2957.0
422.0,864256.0,5696.0,364.38,0.0001858353498391807,0.0001220703125,0.14658862352371216,4.118852459016392e-05,0.0,2959.0
423.0,866304.0,5701.0,372.91,9.203708032146096e-05,0.0,0.11644065380096436,4.057377049180327e-05,0.0,2960.0
424.0,868352.0,5708.0,365.31,0.000178491638507694,0.0,0.2959808111190796,3.995901639344262e-05,0.0,2962.0
425.0,870400.0,5712.0,361.35,6.94066402502358e-05,0.0,0.39179402589797974,3.934426229508198e-05,0.0,2963.0
426.0,872448.0,5716.0,361.57,1.9521452486515045e-05,0.0,0.08083081245422363,3.872950819672129e-05,0.0,2965.0
427.0,874496.0,5724.0,358.43,0.0007822393090464175,0.0,0.13097035884857178,3.811475409836065e-05,0.0,2966.0
428.0,876544.0,5729.0,357.12,0.0005507948226295412,0.0,0.10344600677490234,3.75e-05,0.0,2968.0
429.0,878592.0,5733.0,360.51,0.0001235281815752387,0.0,0.40039509534835815,3.6885245901639346e-05,0.0,2969.0
430.0,880640.0,5741.0,362.8,9.154714643955231e-05,0.0,0.24362486600875854,3.62704918032787e-05,0.0,2970.0
431.0,882688.0,5745.0,364.05,0.0006012406083755195,0.0,0.14625614881515503,3.5655737704918016e-05,0.0,2954.0
432.0,884736.0,5750.0,376.18,0.0010551080340519547,0.0,0.14072608947753906,3.504098360655737e-05,0.0,2953.0
433.0,886784.0,5754.0,376.03,0.00249727675691247,0.0,0.10377001762390137,3.442622950819672e-05,0.0,2954.0
434.0,888832.0,5760.0,372.83,2.4324283003807068e-05,0.0,0.051403045654296875,3.3811475409836076e-05,0.0,2956.0
435.0,890880.0,5768.0,365.29,0.0006691044545732439,0.0,0.21972358226776123,3.319672131147539e-05,0.0,2957.0
436.0,892928.0,5773.0,358.75,0.000872853968758136,0.0001220703125,0.24756664037704468,3.258196721311475e-05,0.0,2959.0
437.0,894976.0,5776.0,370.24,0.0005526313907466829,0.0,-0.01930248737335205,3.1967213114754096e-05,0.0,2960.0
438.0,897024.0,5784.0,369.22,0.00021955522242933512,0.0,0.15390777587890625,3.135245901639345e-05,0.0,2962.0
439.0,899072.0,5789.0,364.2,0.0005598686402663589,0.0,0.2719877362251282,3.0737704918032767e-05,0.0,2964.0
440.0,901120.0,5796.0,364.59,0.00018726557027548552,0.0,0.06181830167770386,3.012295081967212e-05,0.0,2965.0
441.0,903168.0,5801.0,361.46,7.794430712237954e-05,0.0,0.0992768406867981,2.950819672131147e-05,0.0,2951.0
442.0,905216.0,5808.0,361.06,0.00037646573036909103,0.0,0.044899165630340576,2.8893442622950823e-05,0.0,2953.0
443.0,907264.0,5815.0,356.12,0.00037489907117560506,0.0,0.1359386444091797,2.8278688524590176e-05,0.0,2954.0
444.0,909312.0,5818.0,359.8,7.684313459321856e-05,0.0,-0.0024216175079345703,2.7663934426229494e-05,0.0,2955.0
445.0,911360.0,5825.0,367.35,4.133500624448061e-05,0.0,-0.013702392578125,2.7049180327868846e-05,0.0,2957.0
446.0,913408.0,5828.0,370.05,0.000409280473832041,0.0,0.18077176809310913,2.64344262295082e-05,0.0,2958.0
447.0,915456.0,5833.0,374.41,0.00013956788461655378,0.0,0.11750191450119019,2.581967213114755e-05,0.0,2960.0
448.0,917504.0,5839.0,368.14,0.00020902440883219242,0.0,0.08650267124176025,2.520491803278687e-05,0.0,2961.0
449.0,919552.0,5842.0,376.8,0.00048332964070141315,0.0,0.11721384525299072,2.459016393442622e-05,0.0,2961.0
450.0,921600.0,5848.0,379.63,0.0003892662934958935,0.0,-0.00928032398223877,2.3975409836065574e-05,0.0,2961.0
451.0,923648.0,5851.0,374.54,3.452738747000694e-05,0.0,0.031696200370788574,2.3360655737704926e-05,0.0,2945.0
452.0,925696.0,5856.0,378.59,5.183578468859196e-05,0.0,-0.029034137725830078,2.2745901639344244e-05,0.0,2947.0
453.0,927744.0,5860.0,380.16,4.795886343345046e-05,0.0,0.0053612589836120605,2.2131147540983597e-05,0.0,2949.0
454.0,929792.0,5866.0,395.18,4.94428095407784e-05,0.0,0.09494543075561523,2.151639344262295e-05,0.0,2950.0
455.0,931840.0,5870.0,399.76,0.0002740871859714389,0.0,0.0789368748664856,2.09016393442623e-05,0.0,2952.0
456.0,933888.0,5874.0,402.04,4.459521733224392e-05,0.0,0.19128358364105225,2.0286885245901653e-05,0.0,2953.0
457.0,935936.0,5884.0,391.16,9.525683708488941e-05,0.0,0.09107261896133423,1.967213114754097e-05,0.0,2955.0
458.0,937984.0,5889.0,392.57,7.189356256276369e-05,0.0,0.0496559739112854,1.9057377049180324e-05,0.0,2956.0
459.0,940032.0,5894.0,389.85,1.0551419109106064e-05,0.0,0.025157690048217773,1.8442622950819673e-05,0.0,2958.0
460.0,942080.0,5901.0,396.24,8.513615466654301e-05,0.0,0.11636871099472046,1.7827868852459025e-05,0.0,2959.0
461.0,944128.0,5903.0,400.7,3.316090442240238e-05,0.0,0.013028621673583984,1.7213114754098343e-05,0.0,2947.0
462.0,946176.0,5910.0,405.42,0.00017091684276238084,0.0,0.1299768090248108,1.6598360655737696e-05,0.0,2948.0
463.0,948224.0,5913.0,408.51,0.00012009817874059081,0.0,0.06468278169631958,1.5983606557377048e-05,0.0,2950.0
464.0,950272.0,5919.0,410.76,1.922639785334468e-05,0.0,0.021522998809814453,1.53688524590164e-05,0.0,2951.0
465.0,952320.0,5922.0,412.14,2.3364380467683077e-05,0.0,-0.05879819393157959,1.4754098360655752e-05,0.0,2952.0
466.0,954368.0,5928.0,411.98,0.00016396288992837071,0.0,-0.003300786018371582,1.413934426229507e-05,0.0,2952.0
467.0,956416.0,5933.0,410.39,1.7075624782592058e-05,0.0,0.17014765739440918,1.3524590163934423e-05,0.0,2952.0
468.0,958464.0,5937.0,416.43,0.00010138395009562373,0.0,0.08535140752792358,1.2909836065573775e-05,0.0,2952.0
469.0,960512.0,5943.0,410.66,6.4699852373451e-05,0.0,0.057402729988098145,1.2295081967213128e-05,0.0,2953.0
470.0,962560.0,5948.0,403.71,1.82280782610178e-05,0.0,0.07720422744750977,1.1680327868852446e-05,0.0,2955.0
471.0,964608.0,5954.0,402.03,1.276843249797821e-05,0.0,-0.012503623962402344,1.1065573770491798e-05,0.0,2941.0
472.0,966656.0,5956.0,402.03,7.374328561127186e-06,0.0,-0.0013756752014160156,1.045081967213115e-05,0.0,2943.0
473.0,968704.0,5963.0,398.91,0.00011471129255369306,0.0,0.038394808769226074,9.836065573770501e-06,0.0,2944.0
474.0,970752.0,5965.0,399.67,7.648434257134795e-05,0.0,-0.07271754741668701,9.221311475409821e-06,0.0,2945.0
475.0,972800.0,5973.0,394.88,2.966175088658929e-05,0.0,0.2180144190788269,8.606557377049172e-06,0.0,2947.0
476.0,974848.0,5978.0,388.56,6.802903953939676e-06,0.0,0.17384910583496094,7.991803278688524e-06,0.0,2948.0
477.0,976896.0,5984.0,399.68,1.1699739843606949e-05,0.0,0.09698426723480225,7.377049180327876e-06,0.0,2949.0
478.0,978944.0,5990.0,406.24,1.8971622921526432e-06,0.0,0.11556035280227661,6.7622950819672285e-06,0.0,2951.0
479.0,980992.0,5997.0,400.41,6.596557796001434e-06,0.0,0.1225321888923645,6.147540983606547e-06,0.0,2952.0
480.0,983040.0,6000.0,401.02,7.205468136817217e-06,0.0,0.11366540193557739,5.532786885245899e-06,0.0,2953.0
481.0,985088.0,6010.0,389.53,5.177571438252926e-07,0.0,0.1342596411705017,4.9180327868852505e-06,0.0,2940.0
482.0,987136.0,6012.0,391.87,5.933281499892473e-06,0.0,0.06958127021789551,4.303278688524603e-06,0.0,2940.0
483.0,989184.0,6020.0,384.85,1.243955921381712e-06,0.0,0.32726025581359863,3.6885245901639216e-06,0.0,2940.0
484.0,991232.0,6026.0,375.38,2.2453605197370052e-06,0.0,0.059301793575286865,3.0737704918032734e-06,0.0,2940.0
485.0,993280.0,6030.0,376.71,3.180466592311859e-07,0.0,0.11944073438644409,2.4590163934426253e-06,0.0,2940.0
486.0,995328.0,6037.0,375.25,1.1186348274350166e-06,0.0,0.01920229196548462,1.8442622950819775e-06,0.0,2941.0
487.0,997376.0,6040.0,373.91,5.217734724283218e-07,0.0,0.10126429796218872,1.2295081967212961e-06,0.0,2943.0
488.0,999424.0,6046.0,375.9,9.324867278337479e-08,0.0,0.12201416492462158,6.147540983606481e-07,0.0,2945.0
